<?xml version="1.0" encoding="UTF-8"?>
<!DOCTYPE mapper PUBLIC "-//mybatis.org//DTD Mapper 3.0//EN"
"http://mybatis.org/dtd/mybatis-3-mapper.dtd">


<mapper namespace="com.ssafy.happyhouse.model.dao.BoardDao">
	<sql id="search"><!--  검색 조건 -->
		<if test="word != null and word != ''"><!-- word가 null이 아니거나 비어있지 않다면 -->
			<if test="key == 'board_no'">
				and board_no = #{word}
			</if>
			<if test="key != 'board_no'">
			<!-- 문자열을(프로퍼티 값을) 쿼리안에 직접적으로 넣고 싶을때는 '$'를 사용 -->
				and ${key} like concat('%', #{word}, '%') <!-- 동적 쿼리 -->
			</if>
		</if>
	</sql>
	<select id="search" parameterType="string" resultType="BoardDto">
		select *
		from board
		where board_no = #{board_no}
	</select>
	<select id="searchAll" resultType="BoardDto">
		select *
		from board 
		<where>
			<include refid="search"></include>
		</where>
		order by board_no
	</select>
	
	<insert id='Board_Regist'	parameterType="BoardDto">
		insert into board (board_title, board_content, write_date, user_id)
		values(#{board_title},#{board_content},now(),#{user_id})
	</insert>
	
	<update id='Board_Update'	parameterType="BoardDto">
		update board set 
						board_title=#{board_title},
						write_date= now()
						,board_content=#{board_content}
		where board_no=#{board_no}
	</update>
	<delete id="Board_Remove"	parameterType="string">
		delete from board where board_no=#{board_no}
	</delete>
	
	<select id="Reply_Search" parameterType="string" resultType="ReplyDto">
		select *
		from board_reply
		where board_no = #{board_no}
	</select>
	<insert id='Reply_Regist'	parameterType="ReplyDto">
		insert into board_reply (user_id, comment, replytime, board_no)
		values(#{user_id},#{comment},now(),#{board_no})
	</insert>
	
	<update id='Reply_Update'	parameterType="ReplyDto">
		update board_reply
		set replytime= now(),comment=#{comment}
		where replyno=#{replyno}
	</update>
	
	<delete id="Reply_Delete"	parameterType="string">
		delete from board_reply where replyno=#{replyno}
	</delete>
</mapper>