<?xml version="1.0" encoding="UTF-8"?>
<!DOCTYPE mapper
   PUBLIC "-//mybatis.org//DTD Mapper 3.0//EN"
   "http://mybatis.org/dtd/mybatis-3-mapper.dtd">
<!-- mapper file: 실행 할 쿼리 문을 저장하는 파일. 테이블 하나당 한개씩 작성
namespace: 작업하는 테이블들을 구분해주기 위한 식별자 -->
<mapper namespace="com.ssafy.happyhouse.model.dao.HouseMapDao">

	<select id="getSido" resultType="sidoGugunCodeDto">
		select left(sidoCode,2) sidoCode, sidoName
		from sidocode
		order by sidoCode
	</select>
	
	<select id="getGugunInSido" parameterType="string" resultType="sidoGugunCodeDto">
		select left(gugunCode,5) gugunCode, gugunName
		from guguncode
		where left(gugunCode,2) = #{sido}
		order by gugunCode
	</select>
	
	<select id="getDongInGugun" parameterType="string" resultType="houseInfoDto">
		select distinct dongName, dongCode
		from houseinfo
		where left(dongCode, 5) = #{gugun}
		order by dongName
	</select>
	
	<select id="getAptInDong" parameterType="string" resultType="HouseInfoDto">
		SELECT no, dong, AptName, code, jibun
		FROM houseinfo
		WHERE dongCode = #{dong}
		ORDER BY AptName
	</select>
	
	<select id="getDealsInDong" parameterType="string" resultType="HouseDealDto">
		SELECT *
		FROM houseinfo
		WHERE dongCode = #{dong}
		ORDER BY AptName
	</select>
	
	<select id="getSearchByAptName" parameterType="string" resultType="HouseDealDto">
		SELECT *
		FROM houseinfo
		WHERE aptName LIKE #{aptName}
		ORDER BY dong
	</select>
	
	<select id="getHouseDealInRange" parameterType="string" resultType="HouseDealDto">
		SELECT *
		FROM houseinfo
		WHERE (lat&gt;=#{swlat} AND lng&gt;=#{swlng}) AND (lat&lt;=#{nelat} AND lng&lt;=#{nelng})
	</select>

	<select id="getSearchByLatLng" parameterType="string" resultType="HouseDealDto">
		SELECT *
		FROM houseinfo join housedeal
		using (aptCode)
		WHERE lat=#{lat} AND lng=#{lng}
		ORDER BY no DESC;
	</select>
	
	<select id="getHouseDealInRangeByPrice" parameterType="string" resultType="HouseDealDto">
		SELECT * 
		FROM houseinfo join housedeal
		using (aptCode)
		WHERE (dealAmount &lt;= CAST(#{price} AS SIGNED INTEGER)) AND (lat&gt;=#{swlat} AND lng&gt;=#{swlng}) AND (lat&lt;=#{nelat} and lng&lt;=#{nelng})
	</select>
</mapper>






