<?xml version="1.0" encoding="UTF-8"?>
<!DOCTYPE mapper PUBLIC "-//mybatis.org//DTD Mapper 3.0//EN"
"http://mybatis.org/dtd/mybatis-3-mapper.dtd">


<mapper namespace="com.ssafy.happyhouse.model.dao.NoticeDao">
	<sql id="search"><!--  검색 조건 -->
		<if test="word != null and word != ''">
			<if test="key == 'notice_no'">
				and notice_no = #{word}
			</if>
			<if test="key != 'notice_no'">
			<!-- 문자열을(프로퍼티 값을) 쿼리안에 직접적으로 넣고 싶을때는 '$'를 사용 -->
				and ${key} like concat('%', #{word}, '%') <!-- 동적 쿼리 -->
			</if>
		</if>
	</sql>
	<select id="search" parameterType="string" resultType="NoticeDto">
		select *
		from notice
		where notice_no = #{notice_no}
	</select>
	<select id="searchAll"  resultType="NoticeDto">
		select *
		from notice 
		order by notice_no
	</select>
	
	<insert id='Notice_Regist'	parameterType="NoticeDto">
		insert into notice (notice_title, notice_content, write_date)
		values(#{notice_title},#{notice_content},now())
	</insert>
	
	<update id='Notice_Update'	parameterType="NoticeDto">
		update notice set 
						notice_title=#{notice_title},
						write_date= now()
						,notice_content=#{notice_content}
		where notice_no=#{notice_no}
	</update>
	<delete id="Notice_Remove"	parameterType="string">
		delete from notice
		where notice_no=#{notice_no}
	</delete>
	
	<!-- 조회수 증가  -->
	<update id="viewCount" parameterType="string">
		UPDATE notice
		SET view_count = view_count + 1
		WHERE notice_no = #{notice_no}
	</update>
</mapper>