<?xml version="1.0" encoding="UTF-8" ?>
<!DOCTYPE mapper PUBLIC "-//mybatis.org//DTD Mapper 3.0//EN" 
	"http://mybatis.org/dtd/mybatis-3-mapper.dtd">

<mapper namespace="com.ssafy.happyhouse.model.dao.QnADao">
	<insert id='registerQnA'	parameterType="QnADto">
		insert into qna(title, user, content)
		values(#{title},#{user},#{content})
	</insert>
	
	<delete id="deleteQnA"	parameterType="int">
		delete from qna where no = #{no}
	</delete>
	
	<select id="search"	parameterType="int" resultType="QnADto">
		select *
		from   qna
		where  no = #{no}	
		
	</select>
	
	<select id="searchAll" resultType="QnADto">
		select * 
		from qna
		order by no desc
	</select>
	<update id='updateQnA'	parameterType="QnADto">
		update qna set title=#{title}
						,content=#{content}
		where no=#{no}
	</update>
	
	
	
	<!-- qna_reply -->
	<insert id='registerQnAReply'	parameterType="QnAReplyDto">
		insert into qna_reply(content, writer, no)
		values(#{content},#{writer},#{no})
	</insert>
	
	<delete id="deleteQnAReply"	parameterType="int">
		delete from qna_reply where no = #{no}
	</delete>
	
	<select id="searchReply"	parameterType="int" resultType="QnAReplyDto">
		select *
		from   qna_reply
		where  no = #{no}	
		
	</select>
	
	<update id='updateQnAReply'	parameterType="QnAReplyDto">
		update qna_reply set content=#{content}
		where no=#{no}
	</update>
</mapper>