<?xml version="1.0" encoding="UTF-8" ?>
<!DOCTYPE mapper PUBLIC "-//mybatis.org//DTD Mapper 3.0//EN" 
	"http://mybatis.org/dtd/mybatis-3-mapper.dtd">

<mapper namespace="com.ssafy.happyhouse.model.dao.UserDao">

    <select id="login" parameterType="UserDto" resultType="UserDto">
        select *
        from user
        where user_id = #{user_id} and user_password = #{user_password}
    </select>
    
    <select id="idCheck" parameterType="string" resultType="int">
        select count(user_id)
        from user
        where user_id = #{user_id}
    </select>
	<!-- 회원 등록. -->
    <insert id="regist" parameterType="UserDto">
        insert into user (user_id, user_name, user_password, user_address, user_phone, email, joindate)
        values (#{user_id}, #{user_name}, #{user_password}, #{user_address},#{user_phone}, #{email}, now())
    </insert>

    <select id="listUser" resultType="UserDto">
        select user_id, user_password, user_name, user_address, user_phone, email, date_format(joindate, '%y.%m.%d') joindate
        from user
        order by user_id desc;
    </select>

    <select id="getUser" parameterType="String" resultType="UserDto">
        select user_id,user_address, user_phone,user_password, user_name, email, date_format(joindate, '%y.%m.%d') joindate
        from user
        where user_id = #{user_id}
    </select>

    <update id="update" parameterType="UserDto">
        update user
        <trim prefix="set" suffixOverrides=",">
            <if test="user_password != null">user_password = #{user_password},</if>
            <if test="user_address != null">user_address = #{user_address},</if>
            <if test="user_phone != null">user_phone = #{user_phone},</if>
            <if test="email != null">email = #{email},</if>
        </trim>
        where user_id = #{user_id}
    </update>

    <delete id="remove" parameterType="String">
        delete from user
        where user_id = #{user_id}
    </delete>

</mapper>

